Accuracy (%),Precision (%),Recall (%),F1-Score (%)
98.79154078549848,83.33333333333334,93.75,88.23529411764706
